Topic,Count,Name,Representation,Representative_Docs
-1,45,-1_negara_dan_korupsi_ketentuan,"['negara', 'dan', 'korupsi', 'ketentuan', 'pidana', 'pemberantasan', 'pada', 'komisi', 'yang', 'sebagaimana']","['(1) Penyidik Komisi Pemberantasan Korupsi dapat\nberasal dari kepolisian, kejaksaan, penyidik\npegawai negeri sipil yang diberi wewenang khusus\noleh undang-undang, dan penyelidik Komisi\nPemberantasan Korupsi.\n(2) Penyidik sebagaimana dimaksud pada ayat (1)\ndiangkat dan diberhentikan oleh Pimpinan Komisi\nPemberantasan Korupsi.\n(3) Penyidik sebagaimana dimaksud pada ayat (1)\ndan ayat (2) wajib tunduk pada mekanisme\npenyidikan yang diatur berdasarkan ketentuan\nhukum acara pidana.\n(4) Penyidik sebagaimana dimaksud pada ayat (1)\ndan ayat (2) wajib mempunyai standar\nkompetensi yang sama.\n32. Di antara', '(1) Penyelidik Komisi Pemberantasan Korupsi harus\nmemenuhi persyaratan sebagai berikut:\na. berpendidikan paling rendah S1 (sarjana\nstrata satu) atau yang setara;\nb. mengikuti dan lulus pendidikan di bidang\npenyelidikan;\nc. sehat jasmani dan rohani yang dibuktikan\ndengan surat keterangan dokter; dan\nd. memiliki kemampuan dan integritas moral\nyang tinggi.\n(2) Persyaratan sebagaimana dimaksud pada ayat (1)\nhuruf b diselenggarakan oleh Komisi\nPemberantasan Korupsi bekerja sama dengan\nkepolisian dan/atau kejaksaan.\n(3) Penyelidik Komisi Pemberantasan Korupsi\nsebagaimana dimaksud pada ayat (1)\ndiberhentikan dari jabatannya apabila:\nwww.peraturan.go.id\n2019, No. 197\n-26-\na. diberhentikan sebagai aparatur sipil negara;\nb. tidak lagi bertugas di bidang teknis\npenegakan hukum; atau\nc. permintaan sendiri secara tertulis.\n(4) Ketentuan lebih lanjut mengenai tata cara\npengangkatan dan pemberhentian penyelidik\nKomisi Pemberantasan Korupsi sebagaimana\ndimaksud pada ayat (1) dan ayat (3) diatur dalam\n', '(1) Penyidik Komisi Pemberantasan Korupsi harus\nmemenuhi persyaratan sebagai berikut:\nwww.peraturan.go.id\n2019, No. 197\n-27-\na. berpendidikan paling rendah S1 (sarjana\nstrata satu) atau yang setara;\nb. mengikuti dan lulus pendidikan di bidang\npenyidikan;\nc. sehat jasmani dan rohani yang dibuktikan\ndengan surat keterangan dokter; dan\nd. memiliki kemampuan dan integritas moral\nyang tinggi.\n(2) Persyaratan sebagaimana dimaksud pada ayat (1)\nhuruf b diselenggarakan oleh Komisi\nPemberantasan Korupsi bekerja sama dengan\nkepolisian dan/atau kejaksaan.\n(3) Penyidik Komisi Pemberantasan Korupsi\nsebagaimana dimaksud pada ayat (1)\ndiberhentikan dari jabatannya karena:\na. diberhentikan sebagai aparatur sipil negara;\nb. tidak lagi bertugas di bidang teknis\npenegakan hukum; atau\nc. permintaan sendiri secara tertulis.\n(4) Ketentuan lebih lanjut mengenai tata cara\npengangkatan penyidik Komisi Pemberantasan\nKorupsi sebagaimana dimaksud pada ayat (1) dan\nayat (3) diatur dalam Peraturan Komisi\nPemberanta']"
0,67,0_yang_korupsi_atau_tindak,"['yang', 'korupsi', 'atau', 'tindak', 'dan', 'dalam', 'pidana', 'dengan', 'pemberantasan', 'dimaksud']","['huruf b, Komisi Pemberantasan Korupsi berwenang\nmelakukan pengawasan, penelitian, atau penelaahan terhadap\ninstansi yang menjalankan tugas dan wewenangnya yang berkaitan\ndengan pemberantasan tindak pidana korupsi, dan instansi yang\ndalam melaksanakan pelayanan publik.\n(2) Dalam melaksanakan wewenang sebagaimana dimaksud pada ayat\n(1), Komisi Pemberantasan Korupsi berwenang juga mengambil\nalih penyidikan atau penuntutan terhadap pelaku tindak pidana\nkorupsi yang sedang dilakukan oleh kepolisian atau kejaksaan.\n(3) Dalam hal Komisi Pemberantasan Korupsi mengambil alih\npenyidikan atau penuntutan, kepolisian atau kejaksaan wajib\nmenyerahkan tersangka dan seluruh berkas perkara beserta alat\nbukti dan dokumen lain yang diperlukan dalam waktu paling lama\n14 (empat belas) hari kerja, terhitung sejak tanggal diterimanya\npermintaan Komisi Pemberantasan Korupsi.\n(4) Penyerahan sebagaimana dimaksud pada ayat (3) dilakukan dengan\nmembuat dan menandatangani berita acara penyerahan sehingga\nsegala tu', '(1) Terdakwa mempunyai hak untuk membuktikan bahwa ia tidak\nmelakukan tindak pidana korupsi.\n(2) Dalam hal terdakwa dapat membuktikan bahwa ia tidak melakukan\ntindak pidana korupsi, maka keterangan tersebut dipergunakan\nsebagai hal yang menguntungkan baginya.\n(3) Terdakwa wajib memberikan keterangan tentang seluruh harta\nbendanya dan harta benda istri atau suami, anak, dan harta benda\nsetiap orang atau korporasi yang diduga mempunyai hubungan\ndengan perkara yang bersangkutan.\n(4) Dalam hal terdakwa tidak dapat membuktikan tentang kekayaan\nyang tidak seimbang dengan penghasilannya atau sumber penambah\nkekayaannya , maka keterangan tersebut dapat digunakan untuk\nmemperkuat alat bukti yang sudah ada bahwa terdakwa telah\nmelakukan tindak pidana korupsi.\n(5) Dalam keadaan sebagaimana dimaksud dalam ayat (1), ayat (2), ayat\n(3), dan ayat (4), penuntut umum tetap berkewajiban untuk\nmembuktikan dakwaannya.\nPRESIDEN\nREPUBLIK INDONESIA\n- 12 -', 'huruf e, Komisi\nPemberantasan Korupsi berwenang melakukan\npenyelidikan, penyidikan, dan penuntutan\nterhadap Tindak Pidana Korupsi yang:\na. melibatkan aparat penegak hukum,\nPenyelenggara Negara, dan orang lain yang\nada kaitannya dengan Tindak Pidana\nKorupsi yang dilakukan oleh aparat penegak\nhukum atau Penyelenggara Negara;\ndan/atau\nb. menyangkut kerugian negara paling sedikit\nRp1.000.000.000,00 (satu milyar rupiah).\n(2) Dalam hal Tindak Pidana Korupsi tidak\nmemenuhi ketentuan sebagaimana dimaksud\npada ayat (1), Komisi Pemberantasan Korupsi\nwajib menyerahkan penyelidikan, penyidikan,\ndan penuntutan kepada kepolisian dan/atau\nkejaksaan.\n(3) Komisi Pemberantasan Korupsi melakukan\nsupervisi terhadap penyelidikan, penyidikan,\ndan/atau penuntutan sebagaimana dimaksud\npada ayat (2).\nwww.peraturan.go.id\n2019, No. 197\n-11-\n11. Ketentuan']"
1,66,1_dalam_sebagaimana_dimaksud_setiap,"['dalam', 'sebagaimana', 'dimaksud', 'setiap', 'yang', 'orang', 'ketentuan', 'pidana', 'penyidikan', 'peradilan']","['Setiap orang yang melakukan tindak pidana sebagaimana dimaksud\ndalam', 'Setiap orang yang melakukan tindak pidana sebagaimana dimaksud\ndalam', 'Setiap orang yang melakukan tindak pidana sebagaimana dimaksud\ndalam']"
2,23,2_jelas_cukup_ayat_huruf,"['jelas', 'cukup', 'ayat', 'huruf', 'yang', 'dimaksudkan', 'untuk', 'dengan', 'ketentuan', 'dapat']","['Ayat (1)\nhuruf a\nCukup jelas\nhuruf b\nCukup jelas\nhuruf c\nYang dimaksud dengan ""penutupan seluruh atau sebagian perusahaan""\nadalah pencabutan izin usaha atau penghentian kegiatan untuk sementara\nwaktu sesuai dengan putusan pengadilan.\nhuruf d\nCukup jelas\nAyat (2)\nCukup jelas\nAyat (3)\nCukup jelas', 'Ayat (1)\nYang dimaksud dengan ""pengurus"" adalah organ korporasi yang menjalankan\nkepengurusan korporasi yang bersangkutan sesuai dengan anggaran dasar,\ntermasuk mereka yang dalam kenyataannya memiliki kewenangan dan ikut\nmemutuskan kebijakan korporasi yang dapat dikualifikasikan sebagai tindak\npidana korupsi.\nAyat (2)\nCukup jelas\nAyat (3)\nCukup jelas\nAyat (4)\nCukup jelas\nPRESIDEN\nREPUBLIK INDONESIA\n- 6 -\nAyat (4)\nCukup jelas\nAyat (5)\nCukup jelas\nAyat (6)\nCukup jelas\nAyat (7)\nCukup jelas', 'Ayat (1)\nKetentuan dalam pasal ini dimaksudkan untuk meningkatkan efektifitas\npencegahan dan pemberantasan tindak pidana korupsi.\nAyat (2)\nHuruf a\nCukup jelas\nHuruf b\nCukup jelas\nHuruf c\nCukup jelas\nHuruf d\nCukup jelas\nHuruf e\nPerlindungan hukum terhadap pelapor dimaksudkan untuk memberikan\nrasa aman bagi pelapor yang dilaksanakan sesuai dengan ketentuan\nperaturan perundang-undangan.\nAyat (3)\nCukup jelas\nAyat (4)\nCukup jelas\nAyat (5)\nCukup jelas']"
3,17,3_indonesia_republik_presiden_jakarta,"['indonesia', 'republik', 'presiden', 'jakarta', 'tanggal', 'ttd', 'di', 'negara', 'pada', 'diundangkan']","['Undang-Undang ini mulai berlaku pada tanggal diundangkan.\nAgar . . .\n- 3 -\nAgar setiap orang mengetahuinya, memerintahkan\npengundangan Undang-Undang ini dengan penempatannya\ndalam Lembaran Negara Republik Indonesia.\nDisahkan di Jakarta\npada tanggal 18 April 2006\nPRESIDEN REPUBLIK INDONESIA,\nttd\nDR. H. SUSILO BAMBANG YUDHOYONO\nDiundangkan di Jakarta\npada tanggal 18 April 2006\nMENTERI HUKUM DAN HAK ASASI MANUSIA\nREPUBLIK INDONESIA,\nttd\nHAMID AWALUDIN\nLEMBARAN NEGARA REPUBLIK INDONESIA TAHUN 2006 NOMOR 32\nSalinan sesuai dengan aslinya\nSEKRETARIAT NEGARA RI\nKepala Biro Hukum dan Administrasi\nPeraturan Perundang-undangan,\nZULFIAN LUBIS\nPENJELASAN\nATAS\nUNDANG-UNDANG REPUBLIK INDONESIA\nNOMOR 7 TAHUN 2006\nTENTANG\nPENGESAHAN UNITED NATlONS CONVENTION AGAINST CORRUPTION, 2003\n(KONVENSI PERSERIKATAN BANGSA-BANGSA ANTI KORUPSI, 2003)\nI. UMUM\nTindak pidana korupsi merupakan ancaman terhadap prinsip-prinsip\ndemokrasi, yang menjunjung tinggi transparansi, akuntabilitas, dan\nintegritas, serta keamanan', 'Undang-undang ini mulai berlaku pada tanggal diundangkan.\nAgar setiap orang mengetahuinya, memerintahkan pengundangan\nUndang-undang ini dengan penempatannya dalam Lembaran Negara\nRepublik Indonesia.\nDisahkan di Jakarta\nPRESIDEN\nREPUBLIK INDONESIA\n- 15 -\npada tanggal 16 Agustus 1999\nPRESIDEN REPUBLIK INDONESIA\nttd.\nBACHARUDDIN JUSUF HABIBIE\nDisahkan di Jakarta\npada tanggal 16 Agustus 1999\nMENTERI NEGARA SEKRETARIAT NEGARA\nREPUBLIK INDONESIA,\nttd.\nMULADI\nLEMBARAN NEGARA REPUBLIK INDONESIA TAHUN 1999 NOMOR 140.\nPRESIDEN\nREPUBLIK INDONESIA\nPENJELASAN\nATAS\nUNDANG-UNDANG REPUBLIK INDONESIA\nNOMOR 31 TAHUN 1999\nTENTANG\nPEMBERANTASAN TINDAK PIDANA KORUPSI\nI. UMUM\nPembangunan Nasional bertujuan mewujudkan manusia Indonesia seutuhnya dan\nmasyarakat Indonesia seluruhnya yang adil, makmur, sejahtera, dan tertib\nberdasarkan Pancasila dan Undang-Undang Dasar 1945. Untuk mewujudkan\nmasyarakat Indonesia yang adil, makmur, dan sejahtera tersebut, perlu secara terus\nmenerus ditingkatkan usaha-usaha pence', 'Undang-Undang ini mulai berlaku pada tanggal diundangkan.\nAgar...\nAgar setiap orang mengetahuinya, memerintahkan pengundangan\nUndang-Undang ini dengan penempatannya dalam Lembaran Negara\nRepublik Indonesia.\nDisahkan di Jakarta\npada tanggal 27 Desember 2002\nPRESIDEN REPUBLIK INDONESIA,\nttd.\nMEGAWATI SOEKARNOPUTRI\nDiundangkan di Jakarta\npada tanggal 27 Desember 2002\nSEKRETARIS NEGARA REPUBLIK INDONESIA,\nttd.\nBAMBANG KESOWO\nLEMBARAN NEGARA REPUBLIK INDONESIA TAHUN 2002 NOMOR 137\nPRESIDEN\nREPUBLIKINDONESIA\nPENJELASAN\nATAS\nUNDANG-UNDANG REPUBLIK INDONESIA\nNOMOR 30 TAHUN 2002\nTENTANG\nKOMISI PEMBERANTASAN TINDAK PIDANA KORUPSI\nI. UMUM\nTindak pidana korupsi di Indonesia sudah meluas dalam masyarakat.\nPerkembangannya terus meningkat dari tahun ke tahun, baik dari jumlah kasus\nyang terjadi dan jumlah kerugian keuangan negara maupun dari segi kualitas\ntindak pidana yang dilakukan semakin sistematis serta lingkupnya yang memasuki\nseluruh aspek kehidupan masyarakat.\nMeningkatnya tindak pidana korup']"
4,14,4_paling_rupiah_juta_rp,"['paling', 'rupiah', 'juta', 'rp', 'lima', 'banyak', 'ratus', 'penjara', 'dipidana', 'denda']","['Kitab Undang-undang Hukum Pidana, dipidana\ndengan pidana penjara paling singkat 2 (dua) tahun dan paling lama 7\n(tujuh) tahun dan denda paling sedikit Rp 100.000.000,00 (seratus juta\nrupiah) dan paling banyak 350.000.000,00 (tiga ratus lima puluh juta\nrupiah).', 'Kitab Undang-undang Hukum Pidana, dipidana\ndengan pidana penjara paling singkat 3 (tiga) tahun dan paling lama 15\n(lima belas) tahun dan denda paling sedikit Rp 150.000.000,00 (seratus\nlima puluh juta rupiah) dan paling banyak Rp. 750.000.000,00 (tujuh\nratus lima puluh juta rupiah).', 'angka 4\ndipidana dengan pidana penjara paling singkat 2 (dua) tahun dan paling\nlama 12 (dua belas) tahun dan denda paling sedikit Rp. 200.000.000,-\n(dua ratus juta rupiah) dan paling banyak Rp. 1.000.000.000,- (satu\nmilyar rupiah).']"
5,11,5_korupsi_pemberantasan_tindak_komisi,"['korupsi', 'pemberantasan', 'tindak', 'komisi', 'pidana', 'berwenang', 'dibentuk', 'instansi', 'melakukan', 'kepala']","['Komisi Pemberantasan Korupsi mempunyai tugas:\na. koordinasi dengan instansi yang berwenang melakukan pemberantasan\ntindak pidana korupsi;\nb. supervisi terhadap instansi yang berwenang melakukan pemberantasan\ntindak pidana korupsi;\nc. melakukan penyelidikan, penyidikan, dan penuntutan terhadap tindak\npidana korupsi;\nd. melakukan tindakan-tindakan pencegahan tindak pidana korupsi; dan\ne. melakukan monitor terhadap penyelenggaraan pemerintahan negara.\nPRESIDEN\nREPUBLIKINDONESIA\n- 4 -', '(1) Komisi Pemberantasan Korupsi:\na. menetapkan kebijakan dan tata kerja organisasi mengenai\nPRESIDEN\nREPUBLIKINDONESIA\n- 11 -\npelaksanaan tugas dan wewenang Komisi Pemberantasan\nKorupsi;\nb. mengangkat dan memberhentikan Kepala Bidang, Kepala\nSekretariat, Kepala Subbidang, dan pegawai yang bertugas pada\nKomisi Pemberantasan Korupsi;\nc. menentukan kriteria penanganan tindak pidana korupsi.\n(2) Ketentuan...\n(2) Ketentuan mengenai prosedur tata kerja Komisi Pemberantasan\nKorupsi diatur lebih lanjut dengan Keputusan Komisi\nPemberantasan Korupsi.', 'huruf a, Komisi Pemberantasan Korupsi berwenang :\na. mengkoordinasikan penyelidikan, penyidikan, dan penuntutan tindak\npidana korupsi;\nb. menetapkan sistem pelaporan dalam kegiatan pemberantasan tindak\npidana korupsi;\nc. meminta informasi tentang kegiatan pemberantasan tindak pidana\nkorupsi kepada instansi yang terkait;\nd. melaksanakan dengar pendapat atau pertemuan dengan instansi yang\nberwenang melakukan pemberantasan tindak pidana korupsi; dan\ne. meminta laporan instansi terkait mengenai pencegahan tindak pidana\nkorupsi.']"
6,10,6_tentang_undangundang_1981_acara,"['tentang', 'undangundang', '1981', 'acara', 'indonesia', 'republik', 'nomor', 'rakyat', 'ketetapan', 'permusyawaratan']","['ayat (1) dan ayat (2) Undang-undang\nNomor 8 Tahun 1981 tentang Hukum Acara Pidana.\nPRESIDEN\nREPUBLIK INDONESIA\n- 8 -', 'ayat (1) Undang-Undang Dasar 1945;\n2. Ketetapan Majelis Permusyawaratan Rakyat Republik Indonesia\nNomor XI/MPR/1998 tentang Penyelenggara Negara yang Bersih\ndan Bebas Korupsi, Kolusi, dan Nepotisme;\nDengan Persetujuan\nDEWAN PERWAKILAN RAKYAT REPUBLIK INDONESIA\nMEMUTUSKAN :\nMenetapkan : UNDANG-UNDANG TENTANG PEMBERANTASAN TINDAK\nPIDANA KORUPSI.\nPRESIDEN\nREPUBLIK INDONESIA\n- 2 -\nBAB I\nKETENTUAN UMUM', 'ayat (1) Undang-Undang Dasar 1945;\n2. Ketetapan Majelis Permusyawaratan Rakyat Republik Indonesia\nNomor XI/MPR/1998 tentang Penyelenggara Negara yang Bersih\ndan Bebas Korupsi, Kolusi dan Nepotisme.\nDengan persetujuan\nDEWAN PERWAKILAN RAKYAT REPUBLIK INDONESIA\nMEMUTUSKAN :\nPRESIDEN\nREPUBLIK INDONESIA\n- 2 -\nMenetapkan : UNDANG-UNDANG TENTANG PENYELENGGARA NEGARA\nYANG BERSIH DAN BEBAS DARI KORUPSI, KOLUSI DAN\nNEPOTISME.\nBAB I\nKETENTUAN UMUM']"
7,8,7_melaksanakan_tugas_dalam_monitor,"['melaksanakan', 'tugas', 'dalam', 'monitor', 'sebagaimana', 'dimaksud', 'koordinasi', 'penetapan', 'pencegahan', 'putusan']","['Dalam melaksanakan tugas koordinasi sebagaimana dimaksud dalam', 'Dalam melaksanakan tugas penuntutan sebagaimana\ndimaksud dalam', 'Dalam melaksanakan tugas sebagaimana dimaksud dalam']"
8,7,8_wewenangnya_kekuasaan_tugas_lembaga,"['wewenangnya', 'kekuasaan', 'tugas', 'lembaga', 'manapun', 'pengaruh', 'independen', 'eksekutif', 'berasaskan', 'bebas']","['Yang dimaksud dengan ""lembaga independen"" dalam Pasal ini adalah lembaga\nyang dalam melaksanakan tugas dan wewenangnya bebas dari pengaruh\nkekuasaan eksekutif, legislatif, yudikatif, dan lembaga negara lainnya.', 'Komisi Pemberantasan Korupsi adalah lembaga negara yang dalam\nmelaksanakan tugas dan wewenangnya bersifat independen dan bebas\ndari pengaruh kekuasaan manapun.', 'Komisi Pemberantasan Korupsi adalah lembaga\nnegara dalam rumpun kekuasaan eksekutif yang\ndalam melaksanakan tugas dan wewenangnya\nbersifat independen dan bebas dari pengaruh\nkekuasaan manapun.\n3. Ketentuan']"
9,6,9_2019_197_no_wwwperaturangoid,"['2019', '197', 'no', 'wwwperaturangoid', 'pimpinan', 'dilaksanakan', 'ketentuan', '24', 'pengangkatan', '28']","['.\n(3) Anggota pengganti Pimpinan Komisi\nPemberantasan Korupsi sebagaimana dimaksud\npada ayat (1) melanjutkan sisa masa jabatan\npimpinan Komisi Pemberantasan Korupsi yang\ndigantikan.\nwww.peraturan.go.id\n2019, No. 197\n-19-\n24. Ketentuan', 'Dalam hal seseorang ditetapkan sebagai tersangka\noleh Komisi Pemberantasan Korupsi, terhitung sejak\ntanggal penetapan pemeriksaan tersangka\ndilaksanakan berdasarkan ketentuan hukum acara\npidana.\nwww.peraturan.go.id\n2019, No. 197\n-28-\n34. Ketentuan', 'ayat (3).\n(4) Pengangkatan ketua dan anggota Dewan\nPengawas sebagaimana dimaksud pada ayat (1)\ndilaksanakan bersamaan dengan pengangkatan\nPimpinan Komisi Pemberantasan Korupsi periode\ntahun 2019 sampai dengan tahun 2023.\nwww.peraturan.go.id\n2019, No. 197\n-30-']"
10,6,10_jawab_masyarakat_sesuai_penyelenggara,"['jawab', 'masyarakat', 'sesuai', 'penyelenggara', 'negara', 'tanggung', 'hak', 'perundangundangan', 'setiap', 'dengan']","['Komisi Pemberantasan Korupsi wajib mengumumkan gratifikasi yang\nditetapkan menjadi milik negara paling sedikit 1 (satu) kali dalam\nsetahun dalam Berita Negara.\nBAB IV\nTEMPAT KEDUDUKAN, TANGGUNG JAWAB,\nDAN SUSUNAN ORGANISASI', '(1) Peran serta masyarakat dalam penyelenggaraan negara merupakan\nhak dan tanggung jawab masyarakat untuk ikut mewujudkan\nPenyelenggara Negara yang bersih.\n(2) Hubungan antar Penyelenggara Negara dan masyarakat\ndilaksanakan dengan berpegang teguh pada asas-asas umum\npenyelenggaraan negara sebagaimana dimaksud dalam', 'Setiap Penyelenggara Negara berhak untuk :\n1. menerima gaji, tunjangan dan fasilitas lainnya sesuai dengan\nketentuan peraturan perundang-undangan yang berlaku;\n2. menggunakan hak jawab terhadap setiap teguran, tindakan dari\natasannya, ancaman hukuman, dan kritik masyarakat;\n3. menyampaikan pendapat di muka umum secara bertanggung jawab\nPRESIDEN\nREPUBLIK INDONESIA\n- 4 -\nsesuai dengan wewenangnya; dan\n4. mendapatkan hak-hak lain sesuai dengan ketentuan peraturan\nperundang-undangan yang berlaku.']"
11,6,11_memiliki_menjadi_selama_jabatan,"['memiliki', 'menjadi', 'selama', 'jabatan', 'sarjana', 'lima', 'persyaratan', 'tidak', 'cakap', 'pernah']","['ayat (3)\nharus memenuhi persyaratan sebagai berikut :\na. warga negara Republik Indonesia;\nb. bertakwa kepada Tuhan Yang Maha Esa;\nc. sehat jasmani dan rohani;\nd. berpendidikan sarjana hukum atau sarjana lain yang mempunyai\nkeahlian dan berpengalaman sekurang-kurangnya 15 (lima belas)\ntahun di bidang hukum;\ne. berumur sekurang-kurangnya 40 (empat puluh) tahun pada\nproses pemilihan;\nf. tidak pernah melakukan perbuatan tercela;\ng. cakap...\ng. cakap, jujur, memiliki integritas moral yang tinggi, dan memiliki\nreputasi yang baik;\nh. tidak menjadi pengurus salah satu partai politik; dan\ni. melepaskan jabatan struktural dan atau jabatan lainnya selama\nmenjadi hakim ad hoc.', 'Untuk dapat diangkat sebagai Pimpinan Komisi\nPemberantasan Korupsi harus memenuhi persyaratan\nsebagai berikut:\na. warga negara Indonesia;\nb. bertakwa kepada Tuhan Yang Maha Esa;\nc. sehat jasmani dan rohani;\nd. berijazah sarjana hukum atau sarjana lain yang\nmemiliki keahlian dan pengalaman paling sedikit\n15 (lima belas) tahun dalam bidang hukum,\nekonomi, keuangan, atau perbankan;\nwww.peraturan.go.id\n2019, No. 197\n-17-\ne. berusia paling rendah 50 (lima puluh) tahun dan\npaling tinggi 65 (enam puluh lima) tahun pada\nproses pemilihan;\nf. tidak pernah melakukan perbuatan tercela;\ng. cakap, jujur, memiliki integritas moral yang\ntinggi, dan memiliki reputasi yang baik;\nh. tidak menjadi pengurus salah satu partai politik;\ni. melepaskan jabatan struktural dan/atau jabatan\nlainnya selama menjadi anggota Komisi\nPemberantasan Korupsi;\nj. tidak menjalankan profesinya selama menjadi\nanggota Komisi Pemberantasan Korupsi; dan\nk. mengumumkan kekayaannya sebelum dan\nsetelah menjabat sesuai dengan ketentu', 'Untuk dapat diangkat sebagai Pimpinan Komisi Pemberantasan Korupsi\nharus memenuhi persyaratan sebagai berikut:\na. warga negara Republik Indonesia;\nb. bertakwa kepada Tuhan Yang Maha Esa;\nc. sehat jasmani dan rohani;\nd. berijazah sarjana hukum atau sarjana lain yang memiliki keahlian dan\npengalaman sekurang-kurangnya 15 (lima belas) tahun dalam bidang\nhukum, ekonomi, keuangan, atau perbankan;\ne. berumur sekurang-kurangnya 40 (empat puluh) tahun dan\nsetinggi-tingginya 65 (enam puluh lima) tahun pada proses pemilihan;\nf. tidak pernah melakukan perbuatan tercela;\ng. cakap, jujur, memiliki integritas moral yang tinggi, dan memiliki\nreputasi yang baik;\nPRESIDEN\nREPUBLIKINDONESIA\n- 13 -\nh. tidak menjadi pengurus salah satu partai politik;\ni. melepaskan jabatan struktural dan atau jabatan lainnya selama\nmenjadi anggota Komisi Pemberantasan Korupsi;\nj. tidak menjalankan profesinya selama menjadi anggota Komisi\nPemberantasan Korupsi; dan\nk. mengumumkan kekayaannya sesuai dengan peraturan\nperunda']"
12,6,12_republikindonesia_cara_pelaporan_penentuan,"['republikindonesia', 'cara', 'pelaporan', 'penentuan', 'presiden', 'bab', 'status', 'tata', 'dipenuhi', 'diperberat']","['Setiap Anggota Komisi Pemberantasan Korupsi dan pegawai pada\nKomisi Pemberantasan Korupsi yang melakukan tindak pidana korupsi,\nPRESIDEN\nREPUBLIKINDONESIA\n- 26 -\npidananya diperberat dengan menambah 1/3 (satu pertiga) dari ancaman\npidana pokok.\nBAB XI\nKETENTUAN PERALIHAN', '.\n(4) Dalam putusan Pengadilan Negeri sebagaimana dimaksud pada ayat\nPRESIDEN\nREPUBLIKINDONESIA\n- 25 -\n(3) ditentukan jenis, jumlah, jangka waktu, dan cara pelaksanaan\nrehabilitasi dan/atau kompensasi yang harus dipenuhi oleh Komisi\nPemberantasan Korupsi.\nBAB IX\nPEMBIAYAAN', 'PRESIDEN\nREPUBLIKINDONESIA\n- 8 -\nKetentuan dalam Pasal ini mengatur mengenai tata cara pelaporan dan\npenentuan status gratifikasi sebagaimana dimaksud dalam']"
13,5,13_pengawas_dewan_mengawasi_pengambilalihan,"['pengawas', 'dewan', 'mengawasi', 'pengambilalihan', 'sebagaimana', 'dimaksud', 'dalam', 'rangka', 'anggota', 'penggeledahan']","['Untuk dapat diangkat sebagai anggota Dewan\nPengawas sebagaimana dimaksud dalam', '(1) Ketua dan anggota Dewan Pengawas sebagaimana\ndimaksud dalam', '(1) Dalam rangka mengawasi pelaksanaan tugas dan\nwewenang Komisi Pemberantasan Korupsi dibentuk\nDewan Pengawas sebagaimana dimaksud dalam']"
14,5,14_paling_atau_penjara_rupiah,"['paling', 'atau', 'penjara', 'rupiah', 'rp', 'juta', 'sesuatu', 'denda', 'puluh', 'dipidana']","['Setiap orang yang dengan sengaja mencegah, merintangi, atau\nmenggagalkan secara langsung atau tidak langsung penyidikan,\npenuntutan, dan pemeriksaan di sidang pengadilan terhadap tersangka\ndan terdakwa ataupun para saksi dalam perkara korupsi, dipidana\ndengan pidana penjara paling singkat 3 (tiga) tahun dan paling lama 12\n(dua belas) tahun dan atau denda paling sedikit Rp. 150.000.000,00\n(seratus lima puluh juta rupiah) dan paling banyak Rp 600.000.000,00\n(enam ratus juta rupiah).', '(1) Setiap orang yang secara melawan hukum melakukan perbuatan\nmemperkaya diri sendiri atau orang lain atau suatu korporasi yang\ndapat merugikan keuangan negara atau perekonomian negara,\ndipidana penjara dengan penjara seumur hidup atau pidana penjara\npaling singkat 4 (empat) tahun dan paling lama 20 (dua puluh) tahun\ndan denda paling sedikit Rp. 200.000.000,00 (dua ratus juta rupiah)\ndan paling banyak Rp. 1.000.000.000,00 (satu milyar rupiah).\nPRESIDEN\nREPUBLIK INDONESIA\n- 3 -\n(2) Dalam hal tindak pidana korupsi sebagaimana dimaksud dalam ayat (1)\ndilakukan dalam keadaan tertentu, pidana mati dapat dijatuhkan.', 'Setiap orang yang dengan tujuan menguntungkan diri sendiri atau orang\nlain atau suatu korporasi, menyalahgunakan kewenangan, kesempatan\natau sarana yang ada padanya karena jabatan atau kedudukan yang\ndapat merugikan keuangan negara atau perekonomian negara, dipidana\ndengan pidana penjara seumur hidup atau pidana penjara paling singkat\n1 (satu) tahun dan paling lama 20 (dua puluh) tahun dan atau denda\npaling sedikit Rp. 50.000.000,00 (lima puluh juta rupiah) dan paling\nbanyak Rp. 1.000.000.000,00 (satu milyar rupiah).']"
15,5,15_berlaku_perundangundangan_peraturan_ini,"['berlaku', 'perundangundangan', 'peraturan', 'ini', 'membuktikandakwaannya', 'waris', 'serta', 'dicabut', 'uud', 'bertentangan']","['UUD 1945 serta ketentuan\nperaturan perundang-undangan yang berlaku.', 'dan ketentuan peraturan\nperundang-undangan yang berlaku.\nBAB VI\nPERAN SERTA MASYARAKAT', 'Yang dimaksud dengan ""ahli waris"" dalam Pasal ini adalah sesuai dengan\nperaturan perundang-undangan yang berlaku.']"
16,4,16_tambahan_lembaran_jelas_cukup,"['tambahan', 'lembaran', 'jelas', 'cukup', 'nomor', '4620', 'republik', 'indonesia', '4250', '3874']","['Cukup jelas\nTAMBAHAN LEMBARAN NEGARA REPUBLIK INDONESIA NOMOR 4250', 'Cukup jelas\nTAMBAHAN LEMBARAN NEGARA REPUBLIK INDONESIA NOMOR 3874', 'Cukup jelas\nTAMBAHAN LEMBARAN NEGARA REPUBLIK INDONESIA NOMOR 3851']"
17,4,17_terdiri_komisi_subbidang_sub,"['terdiri', 'komisi', 'subbidang', 'sub', 'ketua', 'merangkap', 'anggota', 'bidang', 'empat', 'pimpinan']","['(1) Susunan keanggotaan Komisi Pemeriksa terdiri atas seorang Ketua\nmerangkap Anggota, 4 (empat) orang Wakil Ketua merangkap\nAnggota dan sekurang-kurangnya 20 (dua puluh) orang Anggota\nyang terbagi dalam 4 (empat) Sub Komisi.\n(2) Ketua dan Wakil Ketua Komisi Pemeriksa dipilih oleh dan dari para\nAnggota berdasarkan musyawarah mufakat.\n(3) Empat Sub Komisi sebagaimana dimaksud dalam ayat (1) terdiri\natas:\na. Sub Komisi Eksekutif;\nb. Sub Komisi Legislatif;\nc. Sub Komisi Yudikatif; dan\nd. Sub Komisi Badan Usaha Milik Negara/Badan Usaha Milik\nDaerah.\n(4) Masing-masing Anggota Sub Komisi sebagaimana dimaksud dalam\nayat (3) diangkat sesuai dengan keahliannya dan bekerja secara\nkolegial.\n(5) Dalam melaksanakan tugasnya Komisi Pemeriksa dibantu oleh\nSekretariat Jenderal.\n(6) Komisi Pemeriksa berkedudukan di Ibukota Negara Republik\nIndonesia.\n(7) Wilayah kerja Komisi Pemeriksa meliputi seluruh wilayah Negara\nRepublik Indonesia.\n(8) Komisi Pemeriksa membentuk Komisi Pemeriksa di daerah yang\nditet', '(1) Komisi Pemberantasan Korupsi terdiri atas:\na. Dewan Pengawas yang berjumlah 5 (lima)\norang;\nb. Pimpinan Komisi Pemberantasan Korupsi\nyang terdiri dari 5 (lima) orang Anggota\nKomisi Pemberantasan Korupsi; dan\nc. Pegawai Komisi Pemberantasan Korupsi.\n(2) Susunan Pimpinan Komisi Pemberantasan\nKorupsi sebagaimana dimaksud pada ayat (1)\nhuruf b terdiri dari:\na. ketua merangkap anggota; dan\nb. wakil ketua terdiri dari 4 (empat) orang,\nmasing-masing merangkap anggota.\n(3) Pimpinan Komisi Pemberantasan Korupsi\nsebagaimana dimaksud pada ayat (1) huruf b\nmerupakan pejabat negara.\n(4) Pimpinan Komisi Pemberantasan Korupsi\nsebagaimana dimaksud pada ayat (2) bersifat\nkolektif kolegial.\nwww.peraturan.go.id\n2019, No. 197\n-16-\n18.', 'terdiri atas :\na. Pimpinan Komisi Pemberantasan Korupsi yang terdiri dari 5\n(lima) Anggota Komisi Pemberantasan Korupsi;\nb. Tim Penasihat yang terdiri dari 4 (empat) Anggota; dan\nc. Pegawai Komisi Pemberantasan Korupsi sebagai pelaksana\ntugas.\n(2) Pimpinan Komisi Pemberantasan Korupsi sebagaimana dimaksud\npada ayat (1) huruf a disusun sebagai berikut :\na. Ketua Komisi Pemberantasan Korupsi merangkap Anggota; dan\nb. Wakil Ketua Komisi Pemberantasan Korupsi terdiri atas 4\n(empat) orang, masing-masing merangkap Anggota.\n(3) Pimpinan Komisi Pemberantasan Korupsi sebagaimana dimaksud\npada ayat (1) huruf a adalah pejabat negara.\n(4) Pimpinan Komisi Pemberantasan Korupsi sebagaimana dimaksud\npada ayat (1) huruf a adalah penyidik dan penuntut umum.\n(5) Pimpinan Komisi Pemberantasan Korupsi sebagaimana dimaksud\npada ayat (2) bekerja secara kolektif.\n(6) Pimpinan Komisi Pemberantasan Korupsi sebagaimana dimaksud\npada ayat (1) huruf a adalah penanggung jawab tertinggi Komisi\nPemberantasan Korupsi']"
18,4,18_jabatan_masa_pengawas_dewan,"['jabatan', 'masa', 'pengawas', 'dewan', 'selesai', 'sedang', 'penyadapan', 'kali', 'belas', 'dilaksanakan']","['ayat (1) yang telah selesai dilaksanakan harus\ndipertanggungjawabkan kepada Pimpinan Komisi\nPemberantasan Korupsi dan Dewan Pengawas\npaling lambat 14 (empat belas) hari kerja\nterhitung sejak Penyadapan selesai dilaksanakan.', 'ayat (1) huruf a.\n(2) Anggota Dewan Pengawas berjumlah 5 (lima) orang.\n(3) Anggota Dewan Pengawas sebagaimana dimaksud\npada ayat (2) memegang jabatan selama 4 (empat)\ntahun dan dapat dipilih kembali dalam jabatan yang\nsama hanya untuk 1 (satu) kali masa jabatan.', 'termasuk dan tidak\nterbatas pada aparat penegak hukum yang\nsedang menjabat dan yang telah berpengalaman\npaling sedikit 15 (lima belas) tahun.\n(3) Penunjukan dan pengangkatan sebagaimana\ndimaksud pada ayat (1) untuk 1 (satu) kali masa\njabatan sesuai masa jabatan Dewan Pengawas\nsebagaimana dimaksud dalam']"
19,4,19_bank_tersangka_atau_kepada,"['bank', 'tersangka', 'atau', 'kepada', 'terdakwa', 'memerintahkan', 'terkait', 'keuangan', 'sementara', 'meminta']","['(1) Untuk kepentingan penyidikan, penuntutan, atau pemeriksaan di\nsidang pengadilan, penyidik, penuntut umum, atau hakim berwenang\nmeminta keterangan kepada bank tentang keadaan keuangan\ntersangka atau terdakwa.\n(2) Permintaan keterangan kepada bank sebagaimana dimaksud dalam\nayat (1) diajukan kepada Gubernur Bank Indonesia sesuai dengan\nperaturan perundang-undangan yang berlaku.\n(3) Gubernur Bank Indonesia berkewajiban untuk memenuhi\npermintaan sebagaimana dimaksud dalam ayat (2) dalam waktu\nselambat-lambatnya 3 (tiga) hari kerja, terhitung sejak dokumen\npermintaan diterima secara lengkap.\n(4) Penyidik, penuntut umum, atau hakim dapat meminta kepada bank\nuntuk memblokir rekening simpanan milik tersangka atau terdakwa\nyang diduga hasil dari korupsi.\n(5) Dalam hal hasil pemeriksaan terhadap tersangka atau terdakwa tidak\ndiperoleh bukti yang cukup, atas permintaan penyidik, penuntut\numum, atau hakim, bank pada hari itu juga mencabut pemblokiran.\nPRESIDEN\nREPUBLIK INDONESIA\n- 10 -', 'huruf c, Komisi\nPemberantasan Korupsi berwenang :\na. melakukan penyadapan dan merekam pembicaraan;\nb. memerintahkan kepada instansi yang terkait untuk melarang\nseseorang bepergian ke luar negeri;\nc. meminta keterangan kepada bank atau lembaga keuangan lainnya\ntentang keadaan keuangan tersangka atau terdakwa yang sedang\ndiperiksa;\nd. memerintahkan kepada bank atau lembaga keuangan lainnya\nuntuk memblokir rekening yang diduga hasil dari korupsi milik\ntersangka, terdakwa, atau pihak lain yang terkait;\nPRESIDEN\nREPUBLIKINDONESIA\n- 6 -\ne. memerintahkan...\ne. memerintahkan kepada pimpinan atau atasan tersangka untuk\nmemberhentikan sementara tersangka dari jabatannya;\nf. meminta data kekayaan dan data perpajakan tersangka atau\nterdakwa kepada instansi yang terkait;\ng. menghentikan sementara suatu transaksi keuangan, transaksi\nperdagangan, dan perjanjian lainnya atau pencabutan sementara\nperizinan, lisensi serta konsesi yang dilakukan atau dimiliki oleh\ntersangka atau terdakwa yang diduga berd', 'huruf e, Komisi Pemberantasan Korupsi\nberwenang melakukan penyadapan.\n(2) Dalam melaksanakan tugas penyidikan\nsebagaimana dimaksud pada ayat (1), Komisi\nPemberantasan Korupsi berwenang:\na. memerintahkan kepada instansi yang terkait\nuntuk melarang seseorang bepergian ke luar\nnegeri;\nb. meminta keterangan kepada bank atau\nlembaga keuangan lainnya tentang keadaan\nkeuangan tersangka atau terdakwa yang\nsedang di periksa;\nc. memerintahkan kepada bank atau lembaga\nkeuangan lainnya untuk memblokir rekening\nyang diduga hasil dari korupsi milik\ntersangka, terdakwa, atau pihak lain yang\nterkait;\nd. memerintahkan kepada pimpinan atau\natasan tersangka untuk memberhentikan\nsementara tersangka dari jabatannya;\ne. meminta data kekayaan dan data perpajakan\ntersangka atau terdakwa kepada instansi\nyang terkait;\nf. menghentikan sementara suatu transaksi\nkeuangan, transaksi perdagangan, dan\nperjanjian lainnya atau pencabutan\nsementara perizinan, lisensi serta konsesi\nyang dilakukan atau dimiliki oleh tersa']"
20,4,20_saya_akan_langsung_bersumpahberjanji,"['saya', 'akan', 'langsung', 'bersumpahberjanji', 'tidak', 'bahwa', 'siapapun', 'juga', 'apapun', 'janji']","['(1) Sebelum memangku jabatan, hakim ad hoc wajib mengucapkan\nsumpah/janji menurut agamanya di hadapan Presiden Republik\nIndonesia.\n(2) Sumpah/janji sebagaimana dimaksud pada ayat (1) berbunyi sebagai\nberikut :\na. Saya bersumpah/berjanji dengan sungguh-sungguh bahwa saya\nuntuk melaksanakan tugas ini, langsung atau tidak langsung,\ndengan menggunakan nama atau cara apapun juga, tidak akan\nmemberikan atau menjanjikan sesuatu apapun kepada siapapun\njuga"".\nb. Saya bersumpah/berjanji bahwa saya, untuk melakukan atau\ntidak melakukan sesuatu dalam tugas ini, tidak sekali-kali akan\nmenerima langsung atau tidak langsung dari siapapun juga suatu\njanji atau pemberian"".\nc. Saya bersumpah/berjanji bahwa saya akan setia kepada dan akan\nPRESIDEN\nREPUBLIKINDONESIA\n- 24 -\nmempertahankan serta mengamalkan Pancasila sebagai dasar\nnegara, Undang-Undang Dasar Negara Republik Indonesia\nTahun 1945, serta peraturan perundang-undangan yang berlaku\nbagi negara Republik Indonesia"".\nd. Saya bersumpah/berjanji bahwa', 'PRESIDEN\nREPUBLIK INDONESIA\n- 8 -\n(1) Sebelum memangku jabatannya, Ketua, Wakil Ketua, dan Anggota\nKomisi Pemeriksa mengucapkan sumpah atau janji sesuai dengan\nagamanya, yang berbunyi sebagai berikut :\n""Saya bersumpah atau berjanji bahwa saya senantiasa akan\nmenjalankan tugas dan wewenang saya ini dengan\nsungguh-sungguh, jujur, berani, adil, tidak membeda-bedakan\njabatan, suku, agama, ras dan golongan dari Penyelenggara Negara\nyang saya periksa, dan akan melaksanakan kewajiban saya dengan\nsebaik-baiknya, serta bertanggungjawab sepenuhnya kepada Tuhan\nYang Maha Esa, masyarakat, bangsa dan negara"".\n""Saya bersumpah atau berjanji bahwa saya untuk melakukan atau\ntidak melakukan sesuatu dalam tugas dan wewenang saya ini, tidak\nakan menerima langsung atau tidak langsung dari siapapun juga\nsuatu janji atau pemberian"".\n""Saya bersumpah atau berjanji bahwa saya akan mempertahankan\ndan mengamalkan Pancasila sebagai Dasar Negara, melaksanakan\nUndang-Undang Dasar 1945, dan peraturan perundang-undang', '(1) Sebelum memangku jabatan, Ketua dan Wakil Ketua Komisi\nPemberantasan Korupsi wajib mengucapkan sumpah/janji menurut\nagamanya di hadapan Presiden Republik Indonesia.\n(2) Sumpah/janji sebagaimana dimaksud pada ayat (1) berbunyi sebagai\nberikut :\na. saya...\na. Saya bersumpah/berjanji dengan sungguh-sungguh bahwa saya\nuntuk melaksanakan tugas ini, langsung atau tidak langsung,\ndengan menggunakan nama atau cara apapun juga, tidak\nmemberikan atau menjanjikan sesuatu apapun kepada siapapun\njuga"".\nb. Saya bersumpah/berjanji bahwa saya, untuk melakukan atau\ntidak melakukan sesuatu dalam tugas ini, tidak sekali-kali akan\nmenerima langsung atau tidak langsung dari siapapun juga suatu\njanji atau pemberian"".\nc. Saya bersumpah/berjanji bahwa saya akan setia kepada dan akan\nmempertahankan serta mengamalkan Pancasila sebagai dasar\nnegara, Undang-Undang Dasar Negara Republik Indonesia\nTahun 1945, serta peraturan perundang-undangan yang berlaku\nbagi negara Republik Indonesia"".\nd. Saya bersumpah/berj']"
21,4,21_31_1999_tentang_nomor,"['31', '1999', 'tentang', 'nomor', 'tahun', 'undangundang', 'tindak', 'pemberantasan', '2001', 'pidana']","['Undang-undang Nomor 31 Tahun 1999 tentang\nPemberantasan Tindak Pidana Korupsi dan', 'Undang-undang Nomor 31 Tahun\n1999 tentang Pemberantasan Tindak Pidana Korupsi dan', 'Undang-undang Nomor 31 Tahun 1999 tentang Pemberantasan Tindak Pidana Korupsi\ndan']"
22,3,22_nomor_lembaran_republik_tahun,"['nomor', 'lembaran', 'republik', 'tahun', 'indonesia', 'tambahan', 'tentang', 'undangundang', 'negara', '1999']","['Undang-Undang Dasar Negara\nRepublik Indonesia Tahun 1945;\n2. Undang-Undang Nomor 30 Tahun 2002 tentang\nKomisi Pemberantasan Tindak Pidana Korupsi\n(Lembaran Negara Republik Indonesia Tahun 2002\nNomor 137, Tambahan Lembaran Negara Republik\nIndonesia Nomor 4250), sebagaimana telah diubah\ndengan Undang-Undang Nomor 10 Tahun 2015\ntentang Penetapan Peraturan Pemerintah Pengganti\nUndang-Undang Nomor 1 Tahun 2015 tentang\nPerubahan Atas Undang-Undang Nomor 30 Tahun\n2002 tentang Komisi Pemberantasan Tindak Pidana\nKorupsi menjadi Undang-Undang (Lembaran Negara\nRepublik Indonesia Tahun 2015 Nomor 107,\nwww.peraturan.go.id\n2019, No. 197\n-3-\nTambahan Lembaran Negara Republik Indonesia\nNomor 5698);\nDengan Persetujuan Bersama\nDEWAN PERWAKILAN RAKYAT REPUBLIK INDONESIA\ndan\nPRESIDEN REPUBLIK INDONESIA\nMEMUTUSKAN:\nMenetapkan : UNDANG-UNDANG TENTANG PERUBAHAN KEDUA ATAS\nUNDANG-UNDANG NOMOR 30 TAHUN 2002 TENTANG\nKOMISI PEMBERANTASAN TINDAK PIDANA KORUPSI.\nPasal I\nBeberapa ketentuan dalam Undang-Undang Nomor', 'Undang-Undang\nDasar Negara Republik Indonesia Tahun 1945;\n2. Undang-Undang Nomor 37 Tahun 1999 tentang Hubungan\nLuar Negeri (Lembaran Negara Republik Indonesia Tahun\n1999 Nomor 156, Tambahan Lembaran Negara Republik\nIndonesia Nomor 3882);\n3. Undang-Undang Nomor 24 Tahun 2000 tentang Perjanjian\nInternasional (Lembaran Negara Republik Indonesia Tahun\n2000 Nomor 185, Tambahan Lembaran Negara Republik\nIndonesia Nomor 4012);\nDengan Persetujuan Bersama\nDEWAN PERWAKILAN RAKYAT REPUBLIK INDONESIA\ndan\nPRESIDEN REPUBLIK INDONESIA\nMEMUTUSKAN:\nMenetapkan : UNDANG-UNDANG TENTANG PENGESAHAN UNITED\nNATIONS CONVENTION AGAINST CORRUPTION, 2003\n(KONVENSI PERSERIKATAN BANGSA-BANGSA ANTI\nKORUPSI, 2003).', 'Undang-Undang Dasar Negara Republik\nIndonesia Tahun 1945;\n2. Undang-Undang Nomor 8 Tahun 1981 tentang Hukum Acara Pidana\n(Lembaran Negara Republik Indonesia Tahun 1981 Nomor 76,\nTambahan Lembaran Negara Republik Indonesia Nomor 3209);\n3. Undang-Undang Nomor 28 Tahun 1999 tentang Penyelenggara\nNegara yang Bersih dan Bebas dari Korupsi, Kolusi, dan Nepotisme\n(Lembaran Negara Republik Indonesia Tahun 1999 Nomor 75,\nTambahan Lembaran Negara Republik Indonesia Nomor 3851);\n4. Undang-\nPRESIDEN\nREPUBLIKINDONESIA\n- 2 -\n4. Undang-Undang Nomor 31 Tahun 1999 tentang Pemberantasan\nTindak Pidana Korupsi (Lembaran Negara Republik Indonesia Tahun\n1999 Nomor 140, Tambahan Lembaran Negara Republik Indonesia\nNomor 3874) sebagaimana telah diubah dengan Undang-Undang\nNomor 20 Tahun 2001 tentang Perubahan atas Undang-Undang\nNomor 31 Tahun 1999 tentang Pemberantasan Tindak Pidana Korupsi\n(Lembaran Negara Republik Indonesia Tahun 2001 Nomor 134,\nTambahan Lembaran Negara Republik Indonesia Nomor 4150);\nDengan']"
23,3,23_2003_bahasa_reservation_naskah,"['2003', 'bahasa', 'reservation', 'naskah', 'nations', 'pensyaratan', 'convention', 'corruption', 'against', 'united']","['(1) Mengesahkan United Nations Convention Against\nCorruption, 2003 (Konvensi Perserikatan Bangsa-Bangsa\nAnti Korupsi, 2003) dengan Reservation (Pensyaratan)\nterhadap', 'ayat (2) tentang Penyelesaian\nSengketa.\n(2) Salinan naskah asli United Nations Convention Against\nCorruption, 2003 (Konvensi Perserikatan Bangsa-Bangsa\nAnti Korupsi, 2003) dengan Reservation (Pensyaratan)\nterhadap', 'Yang disahkan dalam Undang-Undang ini adalah United Nations\nConvention Against Corruption, 2003 (Konvensi PBB anti Korupsi,\n2003).\nUntuk kepentingan pemasyarakatannya, dipergunakan salinan\nnaskah asli dalam bahasa Inggris dan terjemahan dalam bahasa\nIndonesia. Apabila terjadi perbedaan pengertian terhadap terjemahan\ndalam bahasa Indonesia, maka dipergunakan salinan naskah aslinya\ndalam bahasa Inggris.\nDiajukannya Reservation (pensyaratan) terhadap']"
24,3,24_gratifikasi_penerima_status_kepemilikan,"['gratifikasi', 'penerima', 'status', 'kepemilikan', 'penyampaian', 'laporan', 'diterima', '30', 'wajib', 'keputusan']","['Setiap pegawai negeri atau penyelenggara negara yang menerima\ngratifikasi wajib melaporkan kepada Komisi Pemberantasan Korupsi,\ndengan tata cara sebagai berikut :\na. Laporan disampaikan secara tertulis dengan mengisi formulir\nsebagaimana ditetapkan oleh Komisi Pemberantasan Korupsi dengan\nmelampirkan dokumen yang berkaitan dengan gratifikasi.\nb. Formulir sebagaimana dimaksud pada huruf a sekurang-kurangnya\nmemuat :\n1) nama dan alamat lengkap penerima dan pemberi gratifikasi;\n2) jabatan pegawai negeri atau penyelenggara negara;\n3) tempat dan waktu penerimaan gratifikasi;\n4) uraian jenis gratifikasi yang diterima; dan\n5) nilai gratifikasi yang diterima.\nPRESIDEN\nREPUBLIKINDONESIA\n- 8 -', 'B ayat (1) tidak berlaku, jika penerima\nmelaporkan gratifikasi yang diterimanya kepada Komisi Pemberantasan Tindak Pidana\nKorupsi.\n(2) Penyampaian\n(2) Penyampaian laporan sebagaimana dimaksud dalam ayat (1) wajib dilakukan oleh\npenerima gratifikasi paling lambat 30 (tiga puluh) hari kerja terhitung sejak tanggal\ngratifikasitersebutditerima.\n(3) Komisi Pemberantasan Tindak Pidana Korupsi dalam waktu paling lambat 30 (tiga puluh)\nharikerjasejaktanggalmenerimalaporanwajibmenetapkangratifikasidapatmenjadimilik\npenerimaataumiliknegara.\n(4) Ketentuan mengenai tata cara penyampaian laporan sebagaimana dimaksud dalam ayat\n(2)danpenentuan status gratifikasi sebagaimana dimaksud dalam ayat (3) diatur\ndalamUndang-undangtentangKomisiPemberantasanTindakPidanaKorupsi.\n4. Di antara', '(1) Komisi Pemberantasan Korupsi dalam waktu paling lama 30 (tiga\npuluh) hari kerja terhitung sejak tanggal laporan diterima wajib\nmenetapkan status kepemilikan gratifikasi disertai pertimbangan.\n(2) Dalam menetapkan status kepemilikan gratifikasi sebagaimana\ndimaksud pada ayat (1) Komisi Pemberantasan Korupsi dapat\nmemanggil penerima gratifikasi untuk memberikan keterangan\nberkaitan dengan penerimaan gratifikasi.\n(3) Status kepemilikan gratifikasi sebagaimana dimaksud pada ayat (1)\nditetapkan dengan keputusan Pimpinan Komisi Pemberantasan\nKorupsi.\n(4) Keputusan Pimpinan Komisi Pemberantasan Korupsi sebagaimana\ndimaksud pada ayat (3) dapat berupa penetapan status kepemilikan\ngratifikasi bagi penerima gratifikasi atau menjadi milik negara.\n(5) Komisi Pemberantasan Korupsi wajib menyerahkan keputusan\nstatus kepemilikan gratifikasi sebagaimana dimaksud pada ayat (4)\nkepada penerima gratifikasi paling lambat 7 (tujuh) hari kerja\nterhitung sejak tanggal ditetapkan.\n(6) Penyerahan gratifikas']"
25,3,25_pengadilan_pelaku_ditetapkan_tindak,"['pengadilan', 'pelaku', 'ditetapkan', 'tindak', 'dalam', 'sebagaimana', 'dimaksud', 'pidana', 'hakim', 'hal']","['Dalam hal pelaku tindak pidana korupsi sebagaimana dimaksud dalam', 'Pengadilan Tindak Pidana Korupsi sebagaimana dimaksud dalam', '(1) Untuk dapat ditetapkan sebagai hakim Pengadilan Tindak Pidana\nKorupsi sebagaimana dimaksud dalam']"
26,3,26_biaya_rehabilitasi_kompensasi_tentang,"['biaya', 'rehabilitasi', 'kompensasi', 'tentang', '31', 'nomor', 'pidana', '1999', 'tahun', 'tindak']","['Pemeriksaan di sidang Pengadilan Tindak Pidana Korupsi dilakukan\nberdasarkan hukum acara pidana yang berlaku dan Undang-Undang\nNomor 31 Tahun 1999 tentang Pemberantasan Tindak Pidana Korupsi\nsebagaimana telah diubah dengan Undang-Undang Nomor 20 Tahun\n2001 tentang Perubahan atas Undang-Undang Nomor 31 Tahun 1999\ntentang Pemberantasan Tindak Pidana Korupsi.\nBAB VIII\nREHABILITASI DAN KOMPENSASI', 'Yang dimaksud dengan ""biaya"" termasuk juga biaya untuk pembayaran\nrehabilitasi dan kompensasi.', 'sehinggakeseluruhannyaberbunyisebagaiberikut:\nBABVIA\nKETENTUANPERALIHAN\nPasal43A\n(1) Tindak pidana korupsi yang terjadi sebelum Undang-undang Nomor 31 Tahun 1999\ntentang Pemberantasan Tindak Pidana Korupsi diundangkan, diperiksa dan diputus\nberdasarkan ketentuan Undang-undang Nomor 3 Tahun 1971 tentang Pemberantasan\nTindak Pidana Korupsi, dengan ketentuan maksimum pidana penjara yang\nmenguntungkan bagi terdakwa diberlakukan ketentuan dalam']"
27,3,27_dilaksanakan_luhur_1945_hubungan,"['dilaksanakan', 'luhur', '1945', 'hubungan', 'antarpenyelenggara', 'teguh', 'kewajiban', 'dasar', 'budi', 'berlandaskan']","['dilaksanakan sesuai dengan ketentuan\nUndang-Undang Dasar 1945 dan peraturan perundang-undangan yang\nberlaku.\nBAB V\nHUBUNGAN ANTAR PENYELENGGARA NEGARA', '(1) Hubungan antar-Penyelenggara Negara dilaksanakan dengan\nmenaati norma-norma kelembagaan, kesopanan, kesusilaan, dan\netika yang berlandaskan Pancasila dan Undang-Undang Dasar 1945.\n(2) Hubungan antar-Penyelenggara Negara sebagaimana dimaksud\nPRESIDEN\nREPUBLIK INDONESIA\n- 5 -\ndalam ayat (1) berpegang teguh pada asas-asas sebagaimana\ndimaksud dalam', 'Yang dimaksud dengan ""hak dan kewajiban Penyelenggara Negara dilaksanakan\nPRESIDEN\nREPUBLIK INDONESIA\n- 5 -\nsesuai dengan ketentuan UUD 1945"" adalah hak dan kewajiban yang dilaksanakan\ndengan memelihara budi pekerti kemanusiaan yang luhur dan memegang teguh\ncita-cita moral rakyat yang luhur.']"
28,3,28_pemeriksa_nepotisme_lembagalembaga_kolusi,"['pemeriksa', 'nepotisme', 'lembagalembaga', 'kolusi', 'negeri', 'fungsinya', 'selaku', 'praktek', 'mencegah', 'negara']","['Setiap Penyelenggara Negara atau Anggota Komisi Pemeriksa yang\nmelakukan nepotisme sebagaimana dimaksud dalam', 'Untuk mewujudkan Penyelenggara Negara yang bersih dan bebas dari\nkorupsi, kolusi dan nepotisme, Presiden selaku Kepala Negara\nmembentuk Komisi Pemeriksa.', '(1) Komisi Pemeriksa mempunyai fungsi untuk mencegah praktek\nkorupsi, kolusi, dan nepotisme dalam penyelenggaraan negara.\n(2) Dalam melaksanakan fungsinya sebagaimana dimaksud dalam ayat\n(1), Komisi Pemeriksa dapat melakukan kerja sama dengan\nlembaga-lembaga terkait baik di dalam negeri maupun di luar negeri.']"
29,3,29_penanganan_laporan_program_pendidikan,"['penanganan', 'laporan', 'program', 'pendidikan', 'korupsi', 'tindak', 'sosialisasi', 'multilateral', 'kampanye', 'antikorupsi']","[', dilakukan oleh Komisi Pemberantasan Korupsi dengan\nalasan:\na. laporan masyarakat mengenai tindak pidana korupsi tidak\nPRESIDEN\nREPUBLIKINDONESIA\n- 5 -\nditindaklanjuti;\nb. proses\nb. proses penanganan tindak pidana korupsi secara berlarut-larut atau\ntertunda-tunda tanpa alasan yang dapat dipertanggungjawabkan;\nc. penanganan tindak pidana korupsi ditujukan untuk melindungi pelaku\ntindak pidana korupsi yang sesungguhnya;\nd. penanganan tindak pidana korupsi mengandung unsur korupsi;\ne. hambatan penanganan tindak pidana korupsi karena campur tangan\ndari eksekutif, yudikatif, atau legislatif; atau\nf. keadaan lain yang menurut pertimbangan kepolisian atau kejaksaan,\npenanganan tindak pidana korupsi sulit dilaksanakan secara baik dan\ndapat dipertanggungjawabkan.', 'huruf d, Komisi Pemberantasan Korupsi berwenang\nmelaksanakan langkah atau upaya pencegahan sebagai berikut :\na. melakukan pendaftaran dan pemeriksaan terhadap laporan harta\nkekayaan penyelenggara negara;\nb. menerima laporan dan menetapkan status gratifikasi;\nc. menyelenggarakan program pendidikan antikorupsi pada setiap\njenjang pendidikan;\nd. merancang dan mendorong terlaksananya program sosialisasi\npemberantasan tindak pidana korupsi;\ne. melakukan kampanye antikorupsi kepada masyarakat umum;\nf. melakukan kerja sama bilateral atau multilateral dalam pemberantasan\ntindak pidana korupsi.', 'huruf a,\nKomisi Pemberantasan Korupsi berwenang:\na. melakukan pendaftaran dan pemeriksaan\nterhadap laporan harta kekayaan\npenyelenggara negara;\nb. menerima laporan dan menetapkan status\ngratifikasi;\nc. menyelenggarakan program pendidikan anti\nkorupsi pada setiap jejaring pendidikan;\nd. merencanakan dan melaksanakan program\nsosialisasi Pemberantasan Tindak Pidana\nKorupsi;\ne. melakukan kampanye anti korupsi kepada\nmasyarakat; dan\nf. melakukan kerja sama bilateral atau\nmultilateral dalam Pemberantasan Tindak\nPidana Korupsi.\n(2) Dalam melaksanakan kewenangan sebagaimana\ndimaksud pada ayat (1), Komisi Pemberantasan\nKorupsi wajib membuat laporan\npertanggungjawaban 1 (satu) kali dalam 1 (satu)\ntahun kepada Presiden Republik Indonesia,\nwww.peraturan.go.id\n2019, No. 197\n-7-\nDewan Perwakilan Rakyat Republik Indonesia,\ndan Badan Pemeriksa Keuangan.\n6. Ketentuan']"
30,3,30_penuntut_fungsi_diberhentikan_penyelidik,"['penuntut', 'fungsi', 'diberhentikan', 'penyelidik', 'pada', 'diangkat', 'adalah', 'penyidik', 'umum', 'melaksanakan']","['(1) Penyelidik adalah Penyelidik pada Komisi Pemberantasan Korupsi\nyang diangkat dan diberhentikan oleh Komisi Pemberantasan\nKorupsi.\n(2) Penyelidik sebagaimana dimaksud pada ayat (1) melaksanakan\nfungsi penyelidikan tindak pidana korupsi.', '(1) Penyidik adalah Penyidik pada Komisi Pemberantasan Korupsi\nyang diangkat dan diberhentikan oleh Komisi Pemberantasan\nKorupsi.\n(2) Penyidik sebagaimana dimaksud pada ayat (1) melaksanakan fungsi\npenyidikan tindak pidana korupsi.', '(1) Penuntut adalah Penuntut Umum pada Komisi Pemberantasan\nKorupsi yang diangkat dan diberhentikan oleh Komisi\nPemberantasan Korupsi.\n(2) Penuntut Umum sebagaimana dimaksud pada ayat (1)\nmelaksanakan fungsi penuntutan tindak pidana korupsi.\n(3) Penuntut sebagaimana dimaksud pada ayat (1) adalah Jaksa\nPenuntut Umum.']"
31,3,31_panitia_seleksi_calon_tanggapan,"['panitia', 'seleksi', 'calon', 'tanggapan', 'pemilihan', 'mengumumkan', 'ayat', 'masyarakat', 'pada', 'unsur']","['ayat (1) huruf b\nyang diajukan oleh panitia seleksi pemilihan.\n(2) Panitia seleksi pemilihan sebagaimana dimaksud pada ayat (1)\ndibentuk oleh Komisi Pemberantasan Korupsi.\n(3) Panitia...\n(3) Panitia seleksi pemilihan mengumumkan penerimaan calon dan\nmelakukan kegiatan mengumpulkan calon anggota berdasarkan\nkeinginan dan masukan dari masyarakat.\n(4) Calon anggota Tim Penasihat sebagaimana dimaksud pada ayat (3)\ndiumumkan terlebih dahulu kepada masyarakat untuk mendapat\ntanggapan sebelum ditunjuk dan diangkat oleh Komisi\nPemberantasan Korupsi berdasarkan calon yang diusulkan oleh\npanitia seleksi pemilihan.\n(5) Setelah mendapat tanggapan dari masyarakat, panitia seleksi\npemilihan mengajukan 8 (delapan) calon anggota Tim Penasihat\nkepada Komisi Pemberantasan Korupsi untuk dipilih 4 (empat)\norang anggota.\n(6) Kegiatan sebagaimana dimaksud pada ayat (1), ayat (2), ayat (3),\nayat (4), dan ayat (5) dilakukan paling lambat 3 (tiga) bulan\nterhitung sejak tanggal panitia seleksi pemilihan dibentu', 'diangkat dan\nditetapkan oleh Presiden Republik Indonesia.\n(2) Dalam mengangkat ketua dan anggota Dewan\nPengawas sebagaimana dimaksud pada ayat (1),\nPresiden Republik Indonesia membentuk panitia\nseleksi.\n(3) Panitia seleksi sebagaimana dimaksud pada ayat\n(2) terdiri atas unsur Pemerintah Pusat dan unsur\nmasyarakat.\n(4) Setelah terbentuk, panitia seleksi sebagaimana\ndimaksud pada ayat (3) mengumumkan\npenerimaan calon.\n(5) Pendaftaran calon dilakukan dalam waktu 14\n(empat belas) hari kerja secara terus menerus.\nwww.peraturan.go.id\n2019, No. 197\n-22-\n(6) Panitia seleksi mengumumkan kepada\nmasyarakat untuk mendapatkan tanggapan\nterhadap nama calon sebagaimana dimaksud\npada ayat (4).\n(7) Tanggapan sebagaimana dimaksud pada ayat (6)\ndisampaikan kepada panitia seleksi paling lambat\n1 (satu) bulan terhitung sejak tanggal\ndiumumkan.\n(8) Panitia seleksi menentukan nama calon yang\nakan disampaikan kepada Presiden Republik\nIndonesia.\n(9) Dalam jangka waktu paling lambat 14 (empat\nbelas) hari kerja ', 'ayat (1) huruf a dipilih oleh Dewan Perwakilan\nRakyat Republik Indonesia berdasarkan calon anggota yang\ndiusulkan oleh Presiden Republik Indonesia.\n(2) Untuk melancarkan pemilihan dan penentuan calon Pimpinan\nKomisi Pemberantasan Korupsi, Pemerintah membentuk panitia\nseleksi yang bertugas melaksanakan ketentuan yang diatur dalam\nUndang-Undang ini.\n(3) Keanggotaan panitia seleksi sebagaimana dimaksud pada ayat (2)\nterdiri atas unsur pemerintah dan unsur masyarakat.\n(4) Setelah terbentuk, panitia seleksi sebagaimana dimaksud pada ayat\n(3) mengumumkan penerimaan calon.\n(5) Pendaftaran calon dilakukan dalam waktu 14 (empat belas) hari\nkerja secara terus menerus.\n(6) Panitia seleksi mengumumkan kepada masyarakat untuk\nmendapatkan tanggapan terhadap nama calon sebagaimana\ndimaksud pada ayat (4).\n(7) Tanggapan sebagaimana dimaksud pada ayat (6) disampaikan\nkepada panitia seleksi paling lambat 1 (satu) bulan terhitung sejak\ntanggal diumumkan.\n(8) Panitia seleksi menentukan nama calon Pimpinan ']"
